date,weekday,count,total_amount,avg_amount,min_amount,max_amount,under_1750_count,under_1750_rate
2025-04-20,Pazar,2,59886.96,29943.48,1577.10,58309.86,1,50.00%
2025-04-21,Pazartesi,2,858633.40,429316.70,1954.27,856679.13,0,0.00%
2025-04-22,Sali,2,33613.98,16806.99,15898.65,17715.33,0,0.00%
2025-04-23,Carsamba,1,3592.50,3592.50,3592.50,3592.50,0,0.00%
2025-04-24,Persembe,2,73766.19,36883.10,10909.83,62856.36,0,0.00%
2025-04-25,Cuma,2,103619.55,51809.77,50622.21,52997.34,0,0.00%
2025-04-26,Cumartesi,2,77350.02,38675.01,6265.59,71084.43,0,0.00%
2025-04-27,Pazar,3,14270.52,4756.84,334.74,7213.53,1,33.33%
2025-04-28,Pazartesi,1,341227.29,341227.29,341227.29,341227.29,0,0.00%
2025-04-29,Sali,2,122388.06,61194.03,21649.20,100738.86,0,0.00%
2025-04-30,Carsamba,2,17615.47,8807.73,813.37,16802.10,1,50.00%
2025-05-01,Persembe,2,1520922.66,760461.33,176647.29,1344275.37,0,0.00%
2025-05-02,Cuma,2,6866.34,3433.17,1946.31,4920.03,0,0.00%
2025-05-03,Cumartesi,2,2396.52,1198.26,1177.53,1218.99,2,100.00%
2025-05-04,Pazar,2,154908.51,77454.26,47908.05,107000.46,0,0.00%
2025-05-05,Pazartesi,2,9912.82,4956.41,1201.30,8711.52,1,50.00%
2025-05-06,Sali,2,467447.28,233723.64,197963.25,269484.03,0,0.00%
2025-05-07,Carsamba,2,27032.41,13516.21,7215.67,19816.74,0,0.00%
2025-05-08,Persembe,2,6943.77,3471.89,2980.20,3963.57,0,0.00%
2025-05-09,Cuma,2,32714.67,16357.34,1602.15,31112.52,1,50.00%
2025-05-10,Cumartesi,2,25862.49,12931.24,9886.59,15975.90,0,0.00%
2025-05-11,Pazar,2,5547.45,2773.72,1361.70,4185.75,1,50.00%
2025-05-12,Pazartesi,2,4510.77,2255.39,1798.35,2712.42,0,0.00%
2025-05-13,Sali,2,9646.95,4823.48,770.28,8876.67,1,50.00%
2025-05-14,Carsamba,2,5135.98,2567.99,2436.07,2699.91,0,0.00%
2025-05-15,Persembe,2,15584.76,7792.38,2462.67,13122.09,0,0.00%
2025-05-16,Cuma,2,36890.58,18445.29,18390.81,18499.77,0,0.00%
2025-05-17,Cumartesi,2,8535.33,4267.66,3880.95,4654.38,0,0.00%
2025-05-18,Pazar,2,67870.44,33935.22,1990.89,65879.55,0,0.00%
2025-05-19,Pazartesi,1,10040.64,10040.64,10040.64,10040.64,0,0.00%
2025-05-20,Sali,2,416.40,208.20,186.84,229.56,2,100.00%
2025-05-21,Carsamba,2,14891.10,7445.55,258.15,14632.95,1,50.00%
2025-05-22,Persembe,2,100917.57,50458.78,12143.40,88774.17,0,0.00%
2025-05-23,Cuma,2,41635.11,20817.56,2978.70,38656.41,0,0.00%
2025-05-24,Cumartesi,2,20441.31,10220.65,5942.67,14498.64,0,0.00%
2025-05-25,Pazar,2,73934.46,36967.23,21141.84,52792.62,0,0.00%
2025-05-26,Pazartesi,2,43483.59,21741.79,16890.12,26593.47,0,0.00%
2025-05-27,Sali,2,1862.82,931.41,179.49,1683.33,2,100.00%
2025-05-28,Carsamba,2,33354.84,16677.42,12734.40,20620.44,0,0.00%
2025-05-29,Persembe,2,447805.35,223902.67,184604.85,263200.50,0,0.00%
2025-05-30,Cuma,2,6822.69,3411.35,375.72,6446.97,1,50.00%
2025-05-31,Cumartesi,3,144470.91,48156.97,1572.27,140063.37,1,33.33%
2025-06-01,Pazar,2,44404.20,22202.10,21218.00,23186.20,0,0.00%
2025-06-02,Pazartesi,2,12842.65,6421.33,6385.05,6457.60,0,0.00%
2025-06-03,Sali,2,39410.10,19705.05,1089.15,38320.95,1,50.00%
2025-06-04,Carsamba,2,649320.70,324660.35,93115.70,556205.00,0,0.00%
2025-06-05,Persembe,2,369384.70,184692.35,8371.80,361012.90,0,0.00%
2025-06-06,Cuma,1,13995.45,13995.45,13995.45,13995.45,0,0.00%
2025-06-07,Cumartesi,2,51406.75,25703.38,16927.45,34479.30,0,0.00%
2025-06-08,Pazar,3,140186.75,46728.92,624.95,77380.70,1,33.33%
2025-06-09,Pazartesi,2,40781.69,20390.85,8906.64,31875.05,0,0.00%
2025-06-10,Sali,2,5393.70,2696.85,1016.10,4377.60,1,50.00%
2025-06-11,Carsamba,2,647703.84,323851.92,1494.24,646209.60,1,50.00%
2025-06-12,Persembe,2,187212.25,93606.12,7157.90,180054.35,0,0.00%
2025-06-13,Cuma,2,50915.10,25457.55,8570.55,42344.55,0,0.00%
2025-06-14,Cumartesi,2,43769.70,21884.85,1363.55,42406.15,1,50.00%
2025-06-15,Pazar,2,16652.30,8326.15,3908.95,12743.35,0,0.00%
2025-06-16,Pazartesi,2,335292.97,167646.49,1595.52,333697.45,1,50.00%
2025-06-17,Sali,2,4625292.55,2312646.27,6213.25,4619079.30,0,0.00%
2025-06-18,Carsamba,2,365143.95,182571.98,14919.20,350224.75,0,0.00%
2025-06-19,Persembe,2,179163.65,89581.82,25526.35,153637.30,0,0.00%
2025-06-20,Cuma,2,45957.90,22978.95,1726.75,44231.15,1,50.00%
2025-06-21,Cumartesi,2,6527.15,3263.57,2969.15,3558.00,0,0.00%
2025-06-22,Pazar,2,20636.45,10318.23,694.65,19941.80,1,50.00%
2025-06-23,Pazartesi,2,18367.91,9183.95,7783.35,10584.56,0,0.00%
2025-06-24,Sali,2,17883.85,8941.92,3833.80,14050.05,0,0.00%
2025-06-25,Carsamba,2,363817.45,181908.73,95229.45,268588.00,0,0.00%
2025-06-26,Persembe,2,152462.50,76231.25,18043.65,134418.85,0,0.00%
2025-06-27,Cuma,2,58828.88,29414.44,6672.68,52156.20,0,0.00%
2025-06-28,Cumartesi,2,231119.55,115559.78,2098.85,229020.70,0,0.00%
2025-06-29,Pazar,2,569630.85,284815.42,26495.35,543135.50,0,0.00%
2025-06-30,Pazartesi,2,4521842.12,2260921.06,36884.20,4484957.92,0,0.00%
2025-07-01,Sali,2,418562.25,209281.12,51704.40,366857.85,0,0.00%
2025-07-02,Carsamba,2,48173.03,24086.51,2016.35,46156.68,0,0.00%
2025-07-03,Persembe,2,12126.50,6063.25,5611.00,6515.50,0,0.00%
2025-07-04,Cuma,2,13230.30,6615.15,664.95,12565.35,1,50.00%
2025-07-05,Cumartesi,2,52884.25,26442.12,24457.30,28426.95,0,0.00%
2025-07-06,Pazar,2,4280.30,2140.15,1395.70,2884.60,1,50.00%
2025-07-07,Pazartesi,2,341535.57,170767.79,1252.92,340282.65,1,50.00%
2025-07-08,Sali,2,100865.85,50432.93,3208.85,97657.00,0,0.00%
2025-07-09,Carsamba,2,60529.37,30264.68,16709.92,43819.45,0,0.00%
2025-07-10,Persembe,2,424631.55,212315.77,46152.50,378479.05,0,0.00%
2025-07-11,Cuma,2,3972.20,1986.10,1595.50,2376.70,1,50.00%
2025-07-12,Cumartesi,2,329356.35,164678.17,87202.05,242154.30,0,0.00%
2025-07-13,Pazar,2,171463.90,85731.95,1879.85,169584.05,0,0.00%
2025-07-14,Pazartesi,2,5382.01,2691.01,770.05,4611.96,1,50.00%
2025-07-15,Sali,2,16437.30,8218.65,3812.00,12625.30,0,0.00%
2025-07-16,Carsamba,2,181557.64,90778.82,4469.40,177088.24,0,0.00%
2025-07-17,Persembe,2,91917.00,45958.50,4182.30,87734.70,0,0.00%
2025-07-18,Cuma,2,41119.15,20559.58,15508.70,25610.45,0,0.00%
2025-07-19,Cumartesi,2,2797938.60,1398969.30,5759.75,2792178.85,0,0.00%
2025-07-20,Pazar,2,1142212.95,571106.47,1299.05,1140913.90,1,50.00%
2025-07-21,Pazartesi,2,83396.32,41698.16,4048.40,79347.92,0,0.00%
2025-07-22,Sali,2,355667.55,177833.77,25444.10,330223.45,0,0.00%
2025-07-23,Carsamba,2,33742.68,16871.34,5915.80,27826.88,0,0.00%
2025-07-24,Persembe,2,16020.25,8010.12,3332.45,12687.80,0,0.00%
2025-07-25,Cuma,2,44424.85,22212.42,18543.10,25881.75,0,0.00%
2025-07-26,Cumartesi,3,14664.60,4888.20,641.80,12080.00,1,33.33%
2025-07-27,Pazar,2,3932.30,1966.15,551.50,3380.80,1,50.00%
2025-07-28,Pazartesi,2,223388.53,111694.26,6310.25,217078.28,0,0.00%
2025-07-29,Sali,2,26060.15,13030.08,6837.35,19222.80,0,0.00%
2025-07-30,Carsamba,2,15520.23,7760.11,3841.08,11679.15,0,0.00%
2025-07-31,Persembe,2,18897.10,9448.55,2946.10,15951.00,0,0.00%
2025-08-01,Cuma,2,362719.60,181359.80,6747.40,355972.20,0,0.00%
2025-08-02,Cumartesi,2,170863.90,85431.95,2315.70,168548.20,0,0.00%
2025-08-03,Pazar,2,131039.95,65519.97,2732.95,128307.00,0,0.00%
2025-08-04,Pazartesi,2,4752.22,2376.11,867.10,3885.12,1,50.00%
2025-08-05,Sali,2,74267.95,37133.97,2628.00,71639.95,0,0.00%
2025-08-06,Carsamba,2,23677.99,11839.00,4845.04,18832.95,0,0.00%
2025-08-07,Persembe,2,10936.45,5468.23,4183.95,6752.50,0,0.00%
2025-08-08,Cuma,2,26946.10,13473.05,11425.05,15521.05,0,0.00%
2025-08-09,Cumartesi,2,5749.40,2874.70,1500.70,4248.70,1,50.00%
2025-08-10,Pazar,2,629149.40,314574.70,10273.95,618875.45,0,0.00%
2025-08-11,Pazartesi,2,1614317.44,807158.72,3248.60,1611068.84,0,0.00%
2025-08-12,Sali,1,12597.25,12597.25,12597.25,12597.25,0,0.00%
2025-08-13,Carsamba,2,4089999.55,2044999.78,147206.60,3942792.95,0,0.00%
2025-08-14,Persembe,2,78317.25,39158.62,13902.20,64415.05,0,0.00%
2025-08-15,Cuma,2,7573.80,3786.90,2398.90,5174.90,0,0.00%
2025-08-16,Cumartesi,2,110368.05,55184.02,23253.90,87114.15,0,0.00%
2025-08-17,Pazar,2,8014.40,4007.20,3635.15,4379.25,0,0.00%
2025-08-18,Pazartesi,2,3348.60,1674.30,969.20,2379.40,1,50.00%
2025-08-19,Sali,2,1423382.80,711691.40,5811.45,1417571.35,0,0.00%
2025-08-20,Carsamba,1,185396.80,185396.80,185396.80,185396.80,0,0.00%
2025-08-21,Persembe,2,62643.70,31321.85,1967.10,60676.60,0,0.00%
2025-08-22,Cuma,2,1174138.25,587069.12,1745.10,1172393.15,1,50.00%
2025-08-23,Cumartesi,2,1344135.75,672067.88,20334.75,1323801.00,0,0.00%
2025-08-24,Pazar,2,3012.35,1506.17,212.25,2800.10,1,50.00%
2025-08-25,Pazartesi,2,164498.62,82249.31,58617.12,105881.50,0,0.00%
2025-08-26,Sali,2,153606.00,76803.00,25684.10,127921.90,0,0.00%
2025-08-27,Carsamba,2,35403.57,17701.78,4615.72,30787.85,0,0.00%
2025-08-28,Persembe,2,17525.20,8762.60,514.75,17010.45,1,50.00%
2025-08-29,Cuma,2,373392.45,186696.23,17440.45,355952.00,0,0.00%
2025-08-30,Cumartesi,2,384477.90,192238.95,2541.85,381936.05,0,0.00%
2025-08-31,Pazar,2,4189436.20,2094718.10,1880567.00,2308869.20,0,0.00%
2025-09-01,Pazartesi,2,95123.24,47561.62,10999.24,84124.00,0,0.00%
2025-09-02,Sali,2,95875.30,47937.65,23914.85,71960.45,0,0.00%
2025-09-03,Carsamba,2,58674.41,29337.21,17944.25,40730.16,0,0.00%
2025-09-04,Persembe,2,5268.40,2634.20,308.10,4960.30,1,50.00%
2025-09-05,Cuma,2,704129.95,352064.97,16034.35,688095.60,0,0.00%
2025-09-06,Cumartesi,2,187013.10,93506.55,2502.25,184510.85,0,0.00%
2025-09-07,Pazar,2,46268.25,23134.12,430.90,45837.35,1,50.00%
2025-09-08,Pazartesi,2,6333160.27,3166580.14,37219.15,6295941.12,0,0.00%
2025-09-09,Sali,2,443866.35,221933.18,6957.15,436909.20,0,0.00%
2025-09-10,Carsamba,2,118065.44,59032.72,11412.40,106653.04,0,0.00%
2025-09-11,Persembe,2,375458.20,187729.10,2485.05,372973.15,0,0.00%
2025-09-12,Cuma,2,53652.95,26826.48,1268.55,52384.40,1,50.00%
2025-09-13,Cumartesi,2,129831.20,64915.60,17485.75,112345.45,0,0.00%
2025-09-14,Pazar,2,92790.85,46395.42,2409.15,90381.70,0,0.00%
2025-09-15,Pazartesi,2,71996.45,35998.22,30590.20,41406.25,0,0.00%
2025-09-16,Sali,2,14746.15,7373.07,5821.35,8924.80,0,0.00%
2025-09-17,Carsamba,2,35400.21,17700.10,14491.45,20908.76,0,0.00%
2025-09-18,Persembe,2,20084.70,10042.35,4004.95,16079.75,0,0.00%
2025-09-19,Cuma,2,167364.10,83682.05,8448.25,158915.85,0,0.00%
2025-09-20,Cumartesi,2,37515.25,18757.62,7532.30,29982.95,0,0.00%
2025-09-21,Pazar,2,6910.30,3455.15,371.20,6539.10,1,50.00%
2025-09-22,Pazartesi,2,658085.19,329042.59,93129.75,564955.44,0,0.00%
2025-09-23,Sali,2,23011.20,11505.60,9807.40,13203.80,0,0.00%
2025-09-24,Carsamba,2,19654.28,9827.14,3640.60,16013.68,0,0.00%
2025-09-25,Persembe,2,215950.75,107975.38,11682.85,204267.90,0,0.00%
2025-09-26,Cuma,2,21767.65,10883.83,9880.55,11887.10,0,0.00%
2025-09-27,Cumartesi,2,17918.90,8959.45,6215.80,11703.10,0,0.00%
2025-09-28,Pazar,2,27931.55,13965.77,6655.55,21276.00,0,0.00%
2025-09-29,Pazartesi,2,17042.86,8521.43,5511.90,11530.96,0,0.00%
2025-09-30,Sali,3,349997.35,116665.78,55926.25,208748.20,0,0.00%
2025-10-01,Carsamba,2,104032.19,52016.10,16978.75,87053.44,0,0.00%
2025-10-02,Persembe,2,44744.75,22372.38,6252.95,38491.80,0,0.00%
2025-10-03,Cuma,2,149642.95,74821.48,1777.85,147865.10,0,0.00%
2025-10-04,Cumartesi,2,5737.65,2868.83,1056.55,4681.10,1,50.00%
2025-10-05,Pazar,2,132761.00,66380.50,3731.25,129029.75,0,0.00%
2025-10-06,Pazartesi,2,110785.67,55392.84,52386.55,58399.12,0,0.00%
2025-10-07,Sali,1,20123.95,20123.95,20123.95,20123.95,0,0.00%
2025-10-08,Carsamba,2,240254.24,120127.12,4279.00,235975.24,0,0.00%
2025-10-09,Persembe,2,539372.95,269686.47,343.75,539029.20,1,50.00%
2025-10-10,Cuma,2,102091.70,51045.85,1228.95,100862.75,1,50.00%
2025-10-11,Cumartesi,2,372645.00,186322.50,1549.10,371095.90,1,50.00%
2025-10-12,Pazar,2,746069.20,373034.60,16000.45,730068.75,0,0.00%
2025-10-13,Pazartesi,2,531809.22,265904.61,6017.70,525791.52,0,0.00%
2025-10-14,Sali,1,1519537.55,1519537.55,1519537.55,1519537.55,0,0.00%
2025-10-15,Carsamba,2,1167004.23,583502.11,15930.28,1151073.95,0,0.00%
2025-10-16,Persembe,2,315180.30,157590.15,8674.95,306505.35,0,0.00%
2025-10-17,Cuma,2,16783.65,8391.83,4126.10,12657.55,0,0.00%
2025-10-18,Cumartesi,2,22524.00,11262.00,526.45,21997.55,1,50.00%
2025-10-19,Pazar,2,163152.90,81576.45,1391.30,161761.60,1,50.00%
2025-10-20,Pazartesi,2,23849.24,11924.62,2056.40,21792.84,0,0.00%
2025-10-21,Sali,2,206447.50,103223.75,1816.55,204630.95,0,0.00%
2025-10-22,Carsamba,1,5186.05,5186.05,5186.05,5186.05,0,0.00%
2025-10-23,Persembe,2,31351.15,15675.58,1992.45,29358.70,0,0.00%
2025-10-24,Cuma,1,28146.15,28146.15,28146.15,28146.15,0,0.00%
2025-10-25,Cumartesi,2,234615.80,117307.90,100619.30,133996.50,0,0.00%
2025-10-26,Pazar,2,64056.75,32028.38,14333.95,49722.80,0,0.00%
2025-10-27,Pazartesi,2,226583.86,113291.93,6311.10,220272.76,0,0.00%
2025-10-28,Sali,2,1699618.55,849809.28,22939.60,1676678.95,0,0.00%
2025-10-29,Carsamba,2,127269.38,63634.69,49941.30,77328.08,0,0.00%
2025-10-30,Persembe,2,6419.60,3209.80,3196.40,3223.20,0,0.00%
2025-10-31,Cuma,2,129505.00,64752.50,30168.10,99336.90,0,0.00%
2025-11-01,Cumartesi,2,22242.70,11121.35,2579.80,19662.90,0,0.00%
2025-11-02,Pazar,2,8682.55,4341.28,701.70,7980.85,1,50.00%
2025-11-03,Pazartesi,2,4094.57,2047.28,1094.45,3000.12,1,50.00%
2025-11-04,Sali,2,175527.70,87763.85,15056.80,160470.90,0,0.00%
2025-11-05,Carsamba,2,179283.77,89641.89,34068.32,145215.45,0,0.00%
2025-11-06,Persembe,2,1418576.85,709288.43,41816.00,1376760.85,0,0.00%
2025-11-07,Cuma,2,4182.95,2091.47,1873.75,2309.20,0,0.00%
2025-11-08,Cumartesi,2,752813.20,376406.60,18569.30,734243.90,0,0.00%
2025-11-09,Pazar,2,24836.75,12418.38,10084.05,14752.70,0,0.00%
2025-11-10,Pazartesi,2,166349.20,83174.60,5565.40,160783.80,0,0.00%
2025-11-11,Sali,2,174702.20,87351.10,11255.45,163446.75,0,0.00%
2025-11-12,Carsamba,1,2130.70,2130.70,2130.70,2130.70,0,0.00%
2025-11-13,Persembe,2,88068.55,44034.28,3058.10,85010.45,0,0.00%
2025-11-14,Cuma,2,22535.35,11267.67,10609.10,11926.25,0,0.00%
2025-11-15,Cumartesi,2,1148887.60,574443.80,116598.00,1032289.60,0,0.00%
2025-11-16,Pazar,2,7316733.55,3658366.77,37003.75,7279729.80,0,0.00%
2025-11-17,Pazartesi,1,3137437.60,3137437.60,3137437.60,3137437.60,0,0.00%
2025-11-18,Sali,1,2761.75,2761.75,2761.75,2761.75,0,0.00%
2025-11-19,Carsamba,2,176073.57,88036.79,2796.12,173277.45,0,0.00%
2025-11-20,Persembe,1,12106.90,12106.90,12106.90,12106.90,0,0.00%
2025-11-21,Cuma,1,370140.05,370140.05,370140.05,370140.05,0,0.00%
2025-11-22,Cumartesi,2,66945.75,33472.88,1243.60,65702.15,1,50.00%
2025-11-23,Pazar,1,13054.15,13054.15,13054.15,13054.15,0,0.00%
2025-11-24,Pazartesi,2,140064.27,70032.13,31683.12,108381.15,0,0.00%
2025-11-25,Sali,1,152488.50,152488.50,152488.50,152488.50,0,0.00%
2025-11-26,Carsamba,2,45317.42,22658.71,5072.10,40245.32,0,0.00%
2025-11-27,Persembe,2,3588.40,1794.20,1490.20,2098.20,1,50.00%
2025-11-28,Cuma,1,316486.35,316486.35,316486.35,316486.35,0,0.00%
2025-11-29,Cumartesi,1,7139.65,7139.65,7139.65,7139.65,0,0.00%
2025-11-30,Pazar,2,30189.15,15094.57,6812.80,23376.35,0,0.00%
2025-12-01,Pazartesi,1,11384.80,11384.80,11384.80,11384.80,0,0.00%
2025-12-02,Sali,2,65159.45,32579.73,18507.90,46651.55,0,0.00%
2025-12-03,Carsamba,1,3528.68,3528.68,3528.68,3528.68,0,0.00%
2025-12-04,Persembe,2,2246.60,1123.30,785.95,1460.65,2,100.00%
2025-12-05,Cuma,1,3655.65,3655.65,3655.65,3655.65,0,0.00%
2025-12-06,Cumartesi,2,170149.35,85074.68,39310.35,130839.00,0,0.00%
2025-12-07,Pazar,2,55964.45,27982.22,3747.10,52217.35,0,0.00%
2025-12-08,Pazartesi,1,384319.84,384319.84,384319.84,384319.84,0,0.00%
2025-12-10,Carsamba,2,154958.08,77479.04,68224.08,86734.00,0,0.00%
2025-12-11,Persembe,1,3152.75,3152.75,3152.75,3152.75,0,0.00%
2025-12-13,Cumartesi,1,3588.90,3588.90,3588.90,3588.90,0,0.00%
2025-12-14,Pazar,2,59987.80,29993.90,21991.50,37996.30,0,0.00%
2025-12-15,Pazartesi,1,55643.56,55643.56,55643.56,55643.56,0,0.00%
2025-12-16,Sali,2,42399.90,21199.95,9095.25,33304.65,0,0.00%
2025-12-17,Carsamba,1,318353.68,318353.68,318353.68,318353.68,0,0.00%
2025-12-18,Persembe,2,189426.65,94713.33,42422.95,147003.70,0,0.00%
2025-12-20,Cumartesi,2,28918.45,14459.22,11899.40,17019.05,0,0.00%
2025-12-21,Pazar,2,54869.55,27434.78,20663.95,34205.60,0,0.00%
2025-12-22,Pazartesi,2,203361.70,101680.85,100722.50,102639.20,0,0.00%
2025-12-23,Sali,1,50571.25,50571.25,50571.25,50571.25,0,0.00%
2025-12-24,Carsamba,2,5622.20,2811.10,983.00,4639.20,1,50.00%
2025-12-27,Cumartesi,2,9408.25,4704.12,1599.85,7808.40,1,50.00%
2025-12-28,Pazar,2,7340.20,3670.10,2550.75,4789.45,0,0.00%
2025-12-29,Pazartesi,2,117134.75,58567.38,7064.15,110070.60,0,0.00%
2025-12-30,Sali,2,178708.30,89354.15,586.35,178121.95,1,50.00%
2025-12-31,Carsamba,1,13123.30,13123.30,13123.30,13123.30,0,0.00%
2026-01-01,Persembe,1,29956.75,29956.75,29956.75,29956.75,0,0.00%
2026-01-03,Cumartesi,3,389686.91,129895.64,1768.25,356456.16,0,0.00%
2026-01-04,Pazar,2,25642.70,12821.35,146.25,25496.45,1,50.00%
2026-01-05,Pazartesi,1,78105.95,78105.95,78105.95,78105.95,0,0.00%
2026-01-06,Sali,1,3666.37,3666.37,3666.37,3666.37,0,0.00%
2026-01-07,Carsamba,1,15056.06,15056.06,15056.06,15056.06,0,0.00%
2026-01-08,Persembe,1,165355.68,165355.68,165355.68,165355.68,0,0.00%
2026-01-10,Cumartesi,2,16130.05,8065.03,3938.93,12191.12,0,0.00%
2026-01-11,Pazar,1,17590.43,17590.43,17590.43,17590.43,0,0.00%
2026-01-14,Carsamba,1,119945.30,119945.30,119945.30,119945.30,0,0.00%
2026-01-15,Persembe,1,344029.37,344029.37,344029.37,344029.37,0,0.00%
2026-01-16,Cuma,1,5526.62,5526.62,5526.62,5526.62,0,0.00%
2026-01-17,Cumartesi,2,56009.00,28004.50,12188.25,43820.75,0,0.00%
2026-01-18,Pazar,2,4613.74,2306.87,517.56,4096.18,1,50.00%
2026-01-19,Pazartesi,1,125336.00,125336.00,125336.00,125336.00,0,0.00%
2026-01-20,Sali,1,190217.81,190217.81,190217.81,190217.81,0,0.00%
2026-01-21,Carsamba,2,77642.46,38821.23,30953.06,46689.40,0,0.00%
2026-01-24,Cumartesi,2,95750.87,47875.43,20104.00,75646.87,0,0.00%
2026-01-25,Pazar,1,2425.12,2425.12,2425.12,2425.12,0,0.00%
2026-01-27,Sali,2,5007.99,2503.99,1448.18,3559.81,1,50.00%
2026-01-28,Carsamba,1,809846.00,809846.00,809846.00,809846.00,0,0.00%
2026-01-29,Persembe,2,3097.80,1548.90,141.18,2956.62,1,50.00%
2026-01-30,Cuma,1,69647.87,69647.87,69647.87,69647.87,0,0.00%
2026-01-31,Cumartesi,2,237520.06,118760.03,2640.50,234879.56,0,0.00%
2026-02-01,Pazar,2,1652.00,826.00,571.75,1080.25,2,100.00%
2026-02-02,Pazartesi,2,101780.77,50890.39,42144.87,59635.90,0,0.00%
2026-02-03,Sali,2,47284.25,23642.12,13823.00,33461.25,0,0.00%
2026-02-04,Carsamba,1,2704.37,2704.37,2704.37,2704.37,0,0.00%
2026-02-05,Persembe,1,2549.56,2549.56,2549.56,2549.56,0,0.00%
2026-02-07,Cumartesi,2,248229.74,124114.87,685.12,247544.62,1,50.00%
2026-02-08,Pazar,2,601.93,300.97,247.56,354.37,2,100.00%
2026-02-09,Pazartesi,2,42349.32,21174.66,1028.62,41320.70,1,50.00%
2026-02-10,Sali,1,332515.43,332515.43,332515.43,332515.43,0,0.00%
2026-02-12,Persembe,1,14792.06,14792.06,14792.06,14792.06,0,0.00%
2026-02-13,Cuma,1,38532.93,38532.93,38532.93,38532.93,0,0.00%
2026-02-14,Cumartesi,2,39843.49,19921.74,2837.56,37005.93,0,0.00%
2026-02-15,Pazar,2,59552.12,29776.06,27369.56,32182.56,0,0.00%
2026-02-17,Sali,1,1520.43,1520.43,1520.43,1520.43,1,100.00%
2026-02-18,Carsamba,2,11205.66,5602.83,2534.81,8670.85,0,0.00%
2026-02-19,Persembe,1,6746.12,6746.12,6746.12,6746.12,0,0.00%
2026-02-20,Cuma,1,15005.25,15005.25,15005.25,15005.25,0,0.00%
2026-02-21,Cumartesi,1,16587.12,16587.12,16587.12,16587.12,0,0.00%
2026-02-22,Pazar,2,19552.55,9776.27,1530.87,18021.68,1,50.00%
2026-02-23,Pazartesi,2,1712006.05,856003.03,2775.25,1709230.80,0,0.00%
2026-02-24,Sali,3,266236.42,88745.47,10340.68,236218.06,0,0.00%
2026-02-25,Carsamba,2,21897.21,10948.61,1673.31,20223.90,1,50.00%
2026-02-26,Persembe,2,32342.18,16171.09,408.50,31933.68,1,50.00%
2026-02-27,Cuma,1,1745.68,1745.68,1745.68,1745.68,1,100.00%
2026-02-28,Cumartesi,2,91055.43,45527.71,1479.75,89575.68,1,50.00%
2026-03-01,Pazar,2,12774.62,6387.31,4459.00,8315.62,0,0.00%
2026-03-02,Pazartesi,1,4461743.25,4461743.25,4461743.25,4461743.25,0,0.00%
2026-03-03,Sali,1,4344.18,4344.18,4344.18,4344.18,0,0.00%
2026-03-04,Carsamba,2,25243.20,12621.60,3250.00,21993.20,0,0.00%
2026-03-05,Persembe,2,2899.81,1449.90,794.56,2105.25,1,50.00%
2026-03-07,Cumartesi,2,6484130.18,3242065.09,336527.56,6147602.62,0,0.00%
2026-03-08,Pazar,2,3146210.68,1573105.34,90941.93,3055268.75,0,0.00%
2026-03-09,Pazartesi,2,801764.91,400882.45,306701.81,495063.10,0,0.00%
2026-03-10,Sali,1,15795.87,15795.87,15795.87,15795.87,0,0.00%
2026-03-11,Carsamba,2,30703.37,15351.69,10168.12,20535.25,0,0.00%
2026-03-13,Cuma,1,33059.75,33059.75,33059.75,33059.75,0,0.00%
2026-03-14,Cumartesi,1,8939.25,8939.25,8939.25,8939.25,0,0.00%
2026-03-15,Pazar,1,778.00,778.00,778.00,778.00,1,100.00%
2026-03-16,Pazartesi,2,3793443.53,1896721.77,1049.18,3792394.35,1,50.00%
2026-03-17,Sali,1,7846.68,7846.68,7846.68,7846.68,0,0.00%
2026-03-19,Persembe,1,28255.56,28255.56,28255.56,28255.56,0,0.00%
2026-03-20,Cuma,1,106096.37,106096.37,106096.37,106096.37,0,0.00%
2026-03-21,Cumartesi,1,101962.87,101962.87,101962.87,101962.87,0,0.00%
2026-03-22,Pazar,2,40535.43,20267.72,5824.56,34710.87,0,0.00%
2026-03-23,Pazartesi,2,34610.11,17305.06,11991.81,22618.30,0,0.00%
2026-03-24,Sali,2,43443.43,21721.72,1305.37,42138.06,1,50.00%
2026-03-25,Carsamba,2,36229.72,18114.86,7348.60,28881.12,0,0.00%
2026-03-26,Persembe,1,2599.56,2599.56,2599.56,2599.56,0,0.00%
2026-03-27,Cuma,1,20749.68,20749.68,20749.68,20749.68,0,0.00%
2026-03-28,Cumartesi,2,97174.62,48587.31,7802.12,89372.50,0,0.00%
2026-03-29,Pazar,2,1624.49,812.24,526.37,1098.12,2,100.00%
2026-03-30,Pazartesi,2,11763.55,5881.77,5766.55,5997.00,0,0.00%
2026-03-31,Sali,1,1787.18,1787.18,1787.18,1787.18,0,0.00%
2026-04-01,Carsamba,2,63496.48,31748.24,25421.55,38074.93,0,0.00%
2026-04-02,Persembe,1,45304.37,45304.37,45304.37,45304.37,0,0.00%
2026-04-04,Cumartesi,2,28394.99,14197.50,7544.18,20850.81,0,0.00%
2026-04-05,Pazar,2,5213.81,2606.90,2584.50,2629.31,0,0.00%
2026-04-06,Pazartesi,2,509905.99,254952.99,160865.81,349040.18,0,0.00%
2026-04-07,Sali,2,7564.05,3782.03,1058.18,6505.87,1,50.00%
2026-04-08,Carsamba,2,14421.42,7210.71,6226.55,8194.87,0,0.00%
2026-04-10,Cuma,2,1613.74,806.87,707.87,905.87,2,100.00%
2026-04-11,Cumartesi,1,3004.37,3004.37,3004.37,3004.37,0,0.00%
